english,bemba,notes,verified
dog,mbwa,,true
cat,cona,also "pushi",true
cow,ingombe,,true
bull,cilume,,true
calf,iciponti ca ngombe,,true
goat,mbushi,,true
sheep,mpanga,,true
pig,nkumba,,true
chicken,inkoko,,true
rooster,mukolwe,,true
duck,mbata,,true
horse,mfwalashi,kabalwe,true
donkey,punda,,true
lion,nkalamo,,true
leopard,mbwili,,true
elephant,nsofu,,true
hippo,mfubu,,true
rhino,nkundu,,true
buffalo,imboo,,true
antelope,mpombo,,true
kudu,nsansala,,true
giraffe,ndyabuluba,,true
zebra,ciyuni,,true
crocodile,ngwena,,true
snake,nsoka,,true
cobra,ngoshe,,true
python,sala,,true
lizard,mulinso,,true
iguana,nsamba,,true
frog,cula,,true
fish,isabi,,true
catfish,muta,,true
bird,icuni,akoni,true
eagle,kapumpe,,true
crow,mwankole,,true
dove,cipele,,true
ostrich,mpye,,true
hawk,pungwa,,true
hyena,cimbwi,,true
jackal,mumbwe,,true
hare,kalulu,,true
mouse,mbeba,,true
rat,mbeba,,true
bat,akasusu,,true
bee,ulushimu,,true
ant,nyelele,,true
termite,mukonkonto,,true
mosquito,ubwafya,,true
fly,lunshi,,true
butterfly,icipelebesha,,true
caterpillar,ichishimu,,true
scorpion,kalulu,,true
spider,nsakansaka,,true
