english,bemba,bemba_alt,part_of_speech,category,verified
abdomen,ifumo,,noun,body,true
above,pa mulu,,adverb,location,true
absent,tapali,talipo,adjective,state,true
abuse,umusalula,,verb,action,true
accept,poka,pokelela,verb,action,true
accident,ishamo,,noun,event,true
acclimatize,belela,,verb,action,true
accompany,shindika,,verb,action,true
according,ukulingana,,adverb,manner,true
accustom,belesha,,verb,action,true
ache,kalipa,,verb,state,true
act,imicitile,,noun,action,true
add,lunda,bikapo,verb,action,true
adhere,kambatila,,verb,action,true
administration,ubuteko,,noun,government,true
admire,kumbwa,tamba,verb,emotion,true
admit,sumina,,verb,action,true
admonish,konkomesha,,verb,action,true
adore,pepa,,verb,religion,true
adult,-kalamba,,adjective,person,true
adulterer,umucende,,noun,person,true
adultery,ubucende,,noun,behavior,true
advance,tangisha,,verb,action,true
advantage,wamina,,noun,state,true
advice,ifunde,,noun,communication,true
adviser,kapanda mano,,noun,person,true
aeroplane,indeke,,noun,transport,true
afar,ukutali,,adverb,location,true
afflict,cusha,,verb,action,true
affliction,ubucushi,,noun,state,true
afraid,-tina,,adjective,emotion,true
afresh,kabili,,adverb,time,true
africa,icalo ca afrika,,noun,place,true
african,umwina afrika,,noun,person,true
after,kuntanshi,,adverb,time,true
afternoon,icungulo,,noun,time,true
afterwards,pa numa,,adverb,time,true
again,nakabili,,adverb,time,true
against,-ku,pata,preposition,relation,true
age,imyaka,,noun,time,true
aggravate,kusha,,verb,action,true
ago,papita,,adverb,time,true
agonize,pumbuka,,verb,emotion,true
agree,sumina,,verb,action,true
agreeable,-wama,,adjective,state,true
agreement,icumfwano,icipangano,noun,relation,true
agriculture,ubulimi,,noun,work,true
ahead,kuntanshi,,adverb,location,true
aid,-afwa,ubwafwilisho,verb,action,true
aim,andika,tonta,verb,action,true
air,umwela,,noun,nature,true
alas,owe!,,interjection,emotion,true
alarm,soka,-tinya,verb,action,true
alert,-cebuka,,adjective,state,true
alien,umweni,-ceni,noun,person,true
alike,pala,muno,adjective,state,true
alive,mumi,,adjective,state,true
all,onse,,determiner,quantity,true
allow,suminisha,,verb,action,true
almighty,wa maka yonse,,adjective,religion,true
almost,mu cikanga,,adverb,degree,true
alms,ubupe,,noun,religion,true
alone,eka,,adjective,state,true
aloud,ikatisha,,adverb,manner,true
alphabet,ifilembo,,noun,language,true
already,kale,,adverb,time,true
also,na,,adverb,manner,true
alter,alula,,verb,action,true
although,nangu,,conjunction,relation,true
always,pe na pe,,adverb,time,true
amaze,sungusha,,verb,emotion,true
amend,wamya,,verb,action,true
amidst,pa kati ka-,,preposition,location,true
ammunition,cipolopolo,,noun,weapon,true
among,pa kati ka-,,preposition,location,true
amount,(fyonse) pamo,,noun,quantity,true
amputate,putula,teta,verb,action,true
amuse,sekesha,,verb,action,true
amusement,umusamwe,,noun,state,true
ancestor,icikolwe,,noun,family,true
ancient,kale,,adjective,time,true
and,na,,conjunction,relation,true
angel,malaika,,noun,religion,true
anger,icipyu,ubukali,noun,emotion,true
animal,inama,,noun,animal,true
ankle,inkolokoso,,noun,body,true
announcement,imbila,,noun,communication,true
annoy,kalifya,,verb,emotion,true
annual,mwaka,,adjective,time,true
annually,cila mwaka,,adverb,time,true
annoint,suba,,verb,religion,true
another,-mbi,,determiner,quantity,true
answer,ankula,ubwasuko,verb,communication,true
ant,nyelele,,noun,animal,true
antbear,nengo,,noun,animal,true
anthill,iculu,,noun,nature,true
anxiety,isakamiko,,noun,emotion,true
anxious,sakamana,,verb,emotion,true
any,onse,,determiner,quantity,true
apart,eka,,adverb,location,true
ape,kolwe,,noun,animal,true
apologize,papata,,verb,communication,true
apostle,umutumishi,,noun,religion,true
appear,moneka,,verb,action,true
appearance,imimonekele,,noun,state,true
appetite,insala,,noun,state,true
applause,-ombe ndupi,,noun,action,true
appoint,sonta,,verb,action,true
apprentice,umusambilila,,noun,person,true
approach,palamika,,verb,action,true
april,shinde,,noun,time,true
approve,suminisha,,verb,action,true
argue,talika,,verb,communication,true
argument,ifikansa,,noun,communication,true
arm,ukuboko,icanso,noun,body,true
armpit,(mu)kwapa,,noun,body,true
army,ifila,,noun,military,true
aroma,icena,,noun,sense,true
around,mumbali,,adverb,location,true
arrange,pekanya,,verb,action,true
arrest,ikata,,verb,action,true
arrive,fika,,verb,action,true
arrogance,icilumba,imiya,noun,behavior,true
arrow,umufwi,,noun,weapon,true
artery,umushipa wa mulopa,,noun,body,true
article,icintu,,noun,object,true
artisan,fundi,,noun,person,true
ascend,nina,,verb,action,true
ashamed,ba ne nsoni,,adjective,emotion,true
ashes,imito,,noun,object,true
ask,ipusha,,verb,communication,true
asleep,lala,sendama,adjective,state,true
ass,punda,,noun,animal,true
assault,uma,ulubuli,verb,action,true
assemble,longanya,longana,verb,action,true
assent,sumina,,verb,action,true
assist,afwa,afwilisha,verb,action,true
assistance,ubwafwilisho,,noun,action,true
assort,sala,,verb,action,true
astonish,sungusha,,verb,emotion,true
astonished,sunguka,papa,adjective,emotion,true
astray,luba,,adjective,state,true
at once,nomba line,,adverb,time,true
atmosphere,ulwelele,umwela,noun,nature,true
attach,kambatika,,verb,action,true
attempt,esha,,verb,action,true
attend,sangwapo,,verb,action,true
authority,amaka,,noun,government,true
authorize,pela amaka,,verb,action,true
avarice,akaso,,noun,behavior,true
avenge,landula,,verb,action,true
avoid,taluka,,verb,action,true
await,pemba,,verb,action,true
awake,shibuka,,verb,state,true
awaken,shibusha,,verb,action,true
aware,ishiba,,verb,state,true
away,ukutali,talipo,adverb,location,true
axe,isembe,,noun,tool,true
baby,umwana,akanya,noun,person,true
bachelor,umushimbe,,noun,person,true
back,inuma,musana,noun,body,true
backbite,amba,,verb,communication,true
bacon,inama ya nkumba,,noun,food,true
backward,ubumfutete,,adjective,state,true
bad,bipa,,adjective,quality,true
bag,umufuko,,noun,object,true
baggage,icipe,,noun,object,true
bald,ipala,,adjective,appearance,true
ball,umupila,,noun,object,true
bamboo,ulusengu,,noun,nature,true
banana,inkonde,,noun,food,true
bandage,insalu,,noun,object,true
banish,tamfya,,verb,action,true
bank (of river),icituntu,,noun,place,true
banquet,amalila,,noun,event,true
baptism,ulubatisho,,noun,religion,true
baptise,batisha,,verb,religion,true
bar,inkolonga,,noun,object,true
bare,fula,,adjective,state,true
bargain,ukukabushanya,,noun,commerce,true
bark (tree),icipapa,,noun,nature,true
bark,bosa,,verb,sound,true
barn,ubutala,,noun,building,true
barrel,umutungi,,noun,object,true
barren,ba ngumba,,adjective,state,true
barricade,konkomeka,,verb,action,true
barter,ubukwebo,,noun,commerce,true
basin,ibeseni,,noun,object,true
basket (reed),umuseke,,noun,object,true
basket (bamboo),citundu,,noun,object,true
basket (winnowing),ulupe,,noun,tool,true
bastard,umwana wamu bucende,,noun,person,true
bat,akasusu,,noun,animal,true
bateleur (eagle),mpungu,,noun,animal,true
bathe,samba,owa,verb,action,true
battle,lwa,ubulwi,verb,action,true
be,kacibe,,verb,state,true
beach,lulamba,,noun,place,true
beacon,ulupopo,,noun,object,true
bead,ubulungu,,noun,object,true
beak,umulomo,,noun,body,true
beam,umwalo,,noun,object,true
bean,cilemba,,noun,food,true
bear (a child),fyala,,verb,family,true
bear (fruit),twala,,verb,nature,true
bear (carry),senda,,verb,action,true
beard,umwefu,,noun,body,true
beast,icinama,,noun,animal,true
beat,uma,,verb,action,true
beat (heart),tunta,,verb,body,true
beating (punishment),ifikoti,,noun,action,true
beautiful,...suma,wama,adjective,quality,true
beautify,wamya,,verb,action,true
because,pantu,ku mulandu wa,conjunction,relation,true
become,aluka,sanguka,verb,state,true
bed,ubusanshi,,noun,object,true
bedroom,inganda ya kusendama,,noun,place,true
bee,ulushimu,,noun,animal,true
beer,ubwalwa,,noun,drink,true
beetle,akashishi,,noun,animal,true
before,pa ntanshi,pa kubala,adverb,time,true
beg,lomba,papatila,verb,communication,true
beggar,umupushi,,noun,person,true
begin,tampa,tendeka,verb,action,true
beginning,intendekelo,,noun,time,true
behalf,pa malo ya,,adverb,relation,true
behave,tekanya,,verb,action,true
behaviour,imicitile,imyendele,noun,behavior,true
behead,putulako umutwe,,verb,action,true
behind,ku numa,,adverb,location,true
behold,lelo,,verb,action,true
being,umuntu,,noun,person,true
belch,byola,,verb,action,true
belie,bepesha,,verb,communication,true
belief,ubusumino,,noun,religion,true
believe,sumina,,verb,state,true
bell,inyenjele,,noun,object,true
bellows,umuba,,noun,tool,true
belly,ifumo,mu nda,noun,body,true
beloved,umutemwika,,noun,person,true
below,mwisamba,,adverb,location,true
belt,umushipi,,noun,clothing,true
bench,imbao,,noun,object,true
bend,peta,icishoko,verb,action,true
benediction,ibalaka,,noun,religion,true
benefit,wamina,,noun,state,true
beseech,papata,,verb,communication,true
beside,mupepi,,preposition,location,true
besiege,shinga,,verb,action,true
best,wamisha,,adjective,quality,true
bet,icipangano,,noun,activity,true
betray,sangukila,,verb,action,true
betroth,kobekela,,verb,family,true
better,wama ukucila,,adjective,quality,true
between,pakati ka..,,preposition,location,true
beverage,icakunwa,,noun,drink,true
beware,cenjela,,verb,action,true
bewitch,lowa,,verb,action,true
beyond,peshilya,,adverb,location,true
bible,icipingo,,noun,religion,true
biceps,bombwe,,noun,body,true
bicycle,incinga,,noun,transport,true
bid,eba,,verb,commerce,true
bifurcation (road),masansa,,noun,place,true
big,...kulu,...kalamba,adjective,quality,true
bile,indusha,,noun,body,true
bilharzia,mubongola,,noun,health,true
bin,ubutala,,noun,object,true
bind,kaka,,verb,action,true
bird,icuni,akoni,noun,animal,true
birth,ukufyalwa,,noun,event,true
bishop,shikofu,,noun,religion,true
bit,panono,panini,noun,quantity,true
bite,suma,,verb,action,true
bitter,lula,,adjective,taste,true
black,fita,,adjective,color,true
blacken,fisha,,verb,action,true
blackish,fituluka,,adjective,color,true
black jack,kasokopyo,,noun,plant,true
blacksmith,kafula,,noun,person,true
bladder,icisu,,noun,body,true
blade,cilimi,,noun,tool,true
blame (falsely),bepesha,,verb,communication,true
blanket,ubulangeti,,noun,clothing,true
blast furnace,ilungu,,noun,tool,true
blaze,lubingu,,noun,nature,true
bleed,suma umulopa,,verb,body,true
blend,sasha,,verb,action,true
bless,balikila,pala amate,verb,religion,true
blessing,ipalo,,noun,religion,true
blind,pofula,,adjective,state,true
blindness,ubupofu,,noun,health,true
blind person,impofu,,noun,person,true
blink,kapa,,verb,action,true
blister,icitusha,,noun,body,true
blood,umulopa,,noun,body,true
blood vessel,umushipa wamulopa,,noun,body,true
bloom (flower),satula,,verb,nature,true
bloom (tree),balula,,verb,nature,true
blossom,lutombo,,noun,nature,true
blow (hit),ulupumo,,noun,action,true
blow (nose),fyona,,verb,action,true
blow (puff),puta,,verb,action,true
blunder,tena,,verb,action,true
blunt,fupa,,adjective,quality,true
board,ipulanga,,noun,object,true
boast,amataki,itakisha,verb,communication,true
boat,ubwato,,noun,transport,true
boatsman,kashika wa bwato,,noun,person,true
body,umubili,,noun,body,true
boggy,tika,,adjective,state,true
boil (water),bila,bilauka,verb,action,true
boil (pus),icipute,,noun,health,true
bold,pama,,adjective,state,true
bone,ifupa,,noun,body,true
book,icitabo,,noun,object,true
boot,insapato,,noun,clothing,true
border,umupaka,,noun,place,true
bore (hole),tula,,verb,action,true
boredom,icitendwe,,noun,emotion,true
borer,umusumbo,,noun,animal,true
boring beetle,lupese,,noun,animal,true
born,-fyalwa,,adjective,state,true
borrow,ashima,kongola,verb,commerce,true
bosom,iceni,,noun,body,true
both,fyonse,,determiner,quantity,true
bother,sakamika,,verb,emotion,true
bottle,umusukupala,,noun,object,true
bounce,tama,,verb,action,true
boundary,umupaka,,noun,place,true
bounty,ubusuma,,noun,state,true
bow,inama,,verb,action,true
bow (& arrow),ubuta,,noun,weapon,true
bowel,amala,,noun,body,true
bowl,imbale,,noun,object,true
box,imbokoshi,,noun,object,true
boy,umwana mwaume,,noun,person,true
boy (youth),umulumendo,,noun,person,true
bracelet (ivory),ikosa,,noun,jewelry,true
bracelet (grass),cindele,,noun,jewelry,true
bracelet (metal),icinkwingili,,noun,jewelry,true
bracelet (copper),lusambo,,noun,jewelry,true
brag,amataki,itakisha,verb,communication,true
brain,bongo bongo,,noun,body,true
bran,ifisense,,noun,food,true
branch,umusambo,,noun,nature,true
brave,shipa,pama,adjective,state,true
bread,umukate,,noun,food,true
breadth,ubukulu,,noun,measurement,true
break,putula,,verb,action,true
break (pieces),fungaula,,verb,action,true
break (fracture),kontola kontoka,,verb,action,true
break (rest),tusha,,verb,action,true
break off,mokola,,verb,action,true
break up,pangulula,,verb,action,true
break (promise),futuka,,verb,action,true
breakfast,-ikula,,noun,food,true
breast,ibele,,noun,body,true
breast bone,inkombe,,noun,body,true
breath,umupu,,noun,body,true
breathe,pema,,verb,body,true
breed,sanda,,verb,action,true
brew (beer),longa ubwalwa,,verb,action,true
bribe,mafisa kanwa,,noun,commerce,true
brick,itafwali,,noun,material,true
brick kiln,icibili,,noun,building,true
bricklayer,kakula wa njelwa,,noun,person,true
brick mould,icikombola,,noun,tool,true
bride,nabwinga,,noun,person,true
bridegroom,shibwinga,,noun,person,true
bridge,ubulalo,,noun,building,true
bride price,impango,,noun,commerce,true
bright,-beka,,adjective,quality,true
brim,milomo,,noun,object,true
bring,leta,,verb,action,true
broad,lepa,,adjective,quality,true
broaden,lefya,,verb,action,true
broken,tobeka,,adjective,state,true
brook,akamana,,noun,nature,true
broom,iceswa,umukusao,noun,tool,true
brother,indume,,noun,family,true
brotherhood,bumunyina,,noun,family,true
brother-in law,bukwe,,noun,family,true
bruise,uluma,cena,verb,action,true
brush,cifuti,,noun,tool,true
brush (tooth),umuswaki,,noun,tool,true
brutality,ubunkalwe,,noun,behavior,true
brute,umunkalwe,,noun,person,true
bubble,selauka,,verb,action,true
bucket,imbeketi,,noun,object,true
bud,ulutombo,,noun,nature,true
buffalo,imboo,,noun,animal,true
bug (bed),icipu,,noun,animal,true
bugle,ipenga,,noun,object,true
build,kula,panga,verb,action,true
bull,cilume,,noun,animal,true
bullet,cipolopolo,,noun,weapon,true
bunch,cisangu,,noun,quantity,true
bundle,umwanshi,,noun,quantity,true
burden,icipe,,noun,object,true
burglar,umupupu,,noun,person,true
burial place,inshishi,,noun,place,true
burial place (royal),umwalule,,noun,place,true
burn,oca,pya,verb,action,true
burrow (big),mwimba,,noun,nature,true
burrow (small),umusombo,,noun,nature,true
burst,lepuka,,verb,action,true
bury,shika,,verb,action,true
bush,impanga,,noun,nature,true
bush buck,cisongo,,noun,animal,true
business,umulimo,,noun,commerce,true
busy,ba ne milimo,,adjective,state,true
but,nomba,,conjunction,relation,true
butcher,kakoma wa ngombe,,noun,person,true
butter,amafuta ye shiba,,noun,food,true
butterfly,icipelebesha,,noun,animal,true
buttock,itako,,noun,body,true
button,ipitawa,,noun,clothing,true
buy,shita,,verb,commerce,true
by,ku,kuli,preposition,relation,true
bye (go well),fikenipo,,phrase,courtesy,true
bye (remain well),shalenipo,,phrase,courtesy,true
cabbage,kabeji,,noun,food,true
calabash,insupa,,noun,object,true
calamity,ubulanda,,noun,event,true
calculate,penda,,verb,action,true
calf,iciponti ca ngombe,,noun,animal,true
call,ubwite,ita,verb,communication,true
call out,kuta,,verb,communication,true
call out (shout),punda,,verb,communication,true
calm,tondolo,talala,adjective,state,true
calm down,bwesho mutima,,verb,action,true
calmly,tondolo,shilili,adverb,manner,true
camel,ingamiya,,noun,animal,true
camera,kamela,,noun,object,true
camp,insakwe,,noun,place,true
can (do),kuti,,verb,ability,true
can (of food),icikopo,,noun,object,true
canal,umufolo,umunyangala,noun,place,true
cancel,pangulula,,verb,action,true
cannot,tekuti,filwa,verb,ability,true
canoe,ubwato,,noun,transport,true
cap,akasote,,noun,clothing,true
capital (city),umusumba,,noun,place,true
capitulate,cimba,,verb,action,true
capsize,bunda,,verb,action,true
capsize (cause to),bunsha,,verb,action,true
captain,intungulushi,,noun,person,true
captive,nkole,,noun,person,true
carcass,icitumbi,,noun,object,true
card,kalata,,noun,object,true
card (playing),injuka,,noun,object,true
care (for),sunga,,verb,action,true
care (about),sakamana,,verb,emotion,true
careful,take care,,adjective,state,true
carefully,bwino bwino,bucebuce,adverb,manner,true
careless,ba no busanku,,adjective,state,true
carelessness,ubusanku,ubupusaushi,noun,behavior,true
carpenter,kabasa,,noun,person,true
carrier,kasenda,,noun,person,true
carry,senda,,verb,action,true
carry (heavy),pinga,,verb,action,true
carry (on back),papa,,verb,action,true
carry (on shoulder),sunsa,,verb,action,true
cart,iceleta,,noun,transport,true
cartridge,cisongo,,noun,weapon,true
carve,basa,,verb,action,true
case (box),imbokoshi,,noun,object,true
case (law),umulandu,,noun,law,true
cash,indalama,,noun,commerce,true
cassava (manioc),kalundwe,,noun,food,true
castor plant,mumono,,noun,plant,true
castrate,tungula,,verb,action,true
cat,cona,pushi,noun,animal,true
cat (wild),mpaka,,noun,animal,true
cat (civet),mfungo,,noun,animal,true
catch,ikata,anka,verb,action,true
catechist,kafundisha,,noun,religion,true
caterpillar,ichishimu,,noun,animal,true
catfish,muta,,noun,animal,true
catholic,katolika,,noun,religion,true
catholic church,ekelesha katolika,,noun,religion,true
cattle,ingombe,,noun,animal,true
cattle shed,itanga,icinka,noun,building,true
cause,lenga,,verb,action,true
cause (reason),mulandu,,noun,abstract,true
cause (beginning),icishinte,,noun,abstract,true
cautious,cenjela,tekanya,adjective,state,true
cave,lucengo,,noun,nature,true
cease,leka,,verb,action,true
celebrate,cindika,,verb,action,true
celibacy,ubushimbe,,noun,state,true
celibate,umushimbe,,noun,person,true
cement,shamende,sementi,noun,material,true
cemetery,inshishi,,noun,place,true
centipede,iciyongoli,,noun,animal,true
central,pakati,,adjective,location,true
certain,shininkisha,,adjective,state,true
certainly,na cine,cine cine,adverb,manner,true
chaff,musungu,,noun,object,true
chain,munyololo,,noun,object,true
chair,umupando,,noun,furniture,true
chairman,shicilye,,noun,person,true
chalk,ulupemba,,noun,object,true
chalice,cikombe,,noun,object,true
chance (luck),ishuko,,noun,abstract,true
chance (time),inshita,,noun,time,true
change (coins),isha museke,,noun,commerce,true
change (being),aluka,,verb,state,true
change (direction),pinduluka,,verb,action,true
change (direction-cause),pindulula,,verb,action,true
chapel,inganda ya kwa lesa,,noun,religion,true
chapter,cipandwa,,noun,object,true
character,misango,mibele,noun,behavior,true
charcoal,mufito,amalasha,noun,object,true
charge (price),mutengo,,noun,commerce,true
charge (demand payment),lipilisha,,verb,commerce,true
charitable,ba no bupe,,adjective,state,true
charity,icitemwiko,,noun,state,true
charm,ubusaka,,noun,object,true
charm (spell),ubwanga,,noun,object,true
chase,tamfya,,verb,action,true
chat,ilyashi,,noun,communication,true
cheap,nako mutengo,,adjective,commerce,true
cheat,cenjesha,,verb,action,true
check,lengula,,verb,action,true
cheek,isaya,,noun,body,true
cheer,sansamusha,,verb,emotion,true
cheerful,ba ne nsansa,,adjective,emotion,true
cheerfulness,insansa,,noun,emotion,true
cheetah,cinseketa,,noun,animal,true
chest,icifuba,,noun,body,true
chew,sheta,,verb,action,true
chicanery,ubukakashi,,noun,behavior,true
chicken,inkoko,,noun,animal,true
chicken-pox,kabokoshi,,noun,health,true
chide,kalipila,,verb,communication,true
chief,imfumu,bashamfumu,noun,person,true
chieftainship,bufumu,,noun,government,true
chief's palace,isano,,noun,place,true
child,umwana,,noun,person,true
childhood,ubwaice,,noun,time,true
childish,ba nga kaice,,adjective,behavior,true
chill,kata,,noun,health,true
chimney,icipunda ca cushi,,noun,building,true
chin,kalefulefu,,noun,body,true
chip,mokola,kombola,verb,action,true
chisel (noun),umwengo,,noun,tool,true
chisel (verb),fukula,,verb,action,true
choir,baomba,,noun,religion,true
choke,pwilisho mweo,,verb,action,true
choose,sala,,verb,action,true
chop,ceka,putaula,verb,action,true
christ,kilishitu,,noun,religion,true
christendom,bukilishityani,,noun,religion,true
christmas,nshikunkulu ya kufyalwa kwa kwa kilishitu,,noun,holiday,true
church,ekelesha,chalici,noun,religion,true
church (building),inganda ya mulungu,,noun,building,true
churn milk,suka mukaka,,verb,action,true
cinema,shinema,,noun,place,true
circle,cintengulusha,,noun,shape,true
circumstances,apo cabe fi,,noun,abstract,true
cite,lubulwisha,,verb,communication,true
citizen,umukaya,,noun,person,true
citizenship,ubukaya,,noun,state,true
city,umusumba,,noun,place,true
civet cat,mfungo,,noun,animal,true
civil,bukaya,,adjective,state,true
clan,umukowa,,noun,family,true
clap (hands),ombe ndupi,,verb,action,true
clash,ulubuli,,noun,action,true
claw (noun),ulwala,,noun,body,true
claw (verb),fola,,verb,action,true
clay,ibumba,iloba,noun,material,true
clean (be),buta,,verb,state,true
clean (make),wamya,pukuta,verb,action,true
clear (ground),seba,kungula,verb,action,true
clear (be),buta,,verb,state,true
clear (of water),lengama,,verb,state,true
clear (explain),londolola,,verb,communication,true
clear (the table),teule fipe,,verb,action,true
clearly,bwino bwino,,adverb,manner,true
clerk,kalaliki,,noun,person,true
clever,ba na mano,cenjela,adjective,quality,true
cleverness,amano,,noun,quality,true
climate,(icalo),,noun,nature,true
cling to,konena,shangila,verb,action,true
cloak,isaba,,noun,clothing,true
clock,inkololo,,noun,object,true
close (shut),isala,,verb,action,true
close (near),pepi,,adverb,location,true
clot,tikama,,verb,action,true
cloth,insalu,,noun,material,true
clothe,fwika,fwala,verb,action,true
cloud,ikumbi,ntumba,noun,nature,true
cloudy,kutika,bundama,adjective,nature,true
club,mulanga,,noun,object,true
coal,malasha,,noun,material,true
coast,lulamba,,noun,place,true
coat (of animal),masako,,noun,body,true
cobra (common),ngoshe,,noun,animal,true
cobra (forest),mamba,,noun,animal,true
cobra (water),mambalushi,,noun,animal,true
cobra (spitting),kafi,,noun,animal,true
cobweb,tandabube,,noun,nature,true
cock,mukolwe,,noun,animal,true
cockroach,lupemfu,,noun,animal,true
coco nut,ngashi,,noun,food,true
coddle,tekel esha,tentemba,verb,action,true
coerce,patikisha,,verb,action,true
coffee,kofi,,noun,drink,true
coil,nyongana,,verb,action,true
coin,ikopala,,noun,commerce,true
cold,impepo,,noun,nature,true
cold (common),icifine,,noun,health,true
colic,mupindo,,noun,health,true
collapse (person),wa panshi,,verb,action,true
collapse (building),bongoloka,,verb,action,true
collar,inteneshi,,noun,clothing,true
collect (money),sanshishe ndalama,,verb,commerce,true
colour,balala,,noun,quality,true
column,luceshi,,noun,object,true
comb,icisakulo,,noun,tool,true
come,isa,,verb,action,true
come back,bwela,,verb,action,true
come between,cinga,,verb,action,true
come from,konka,tula,verb,action,true
come near,palama,,verb,action,true
come on,aleni,,interjection,communication,true
come out,fuma,,verb,action,true
come with,konka,,verb,action,true
comfort,talaliko mutima,,verb,emotion,true
command,cebo,,noun,communication,true
commemorate,ibukisha,,verb,action,true
commence,tampa,,verb,action,true
common,...onse,,adjective,quality,true
commoner,mupabi,muntunse,noun,person,true
compare,palanya,linganya,verb,action,true
compassion,cilela,languluka,noun,emotion,true
compel,patika,,verb,action,true
compensate,futa mukulinganya,,verb,action,true
compensation,mafuto,,noun,commerce,true
compete,cimfyanya,,verb,action,true
complain,ilishanya,isosha,verb,communication,true
complete,tuntula,,verb,action,true
complete (finish),pwisha,,verb,action,true
completely,onse,,adverb,degree,true
compliment,tasha,,verb,communication,true
compose,panga,,verb,action,true
compound,kompaundi,,noun,place,true
compost,umufundo,,noun,material,true
conceal,fisa,belamika,verb,action,true
conceive (pregnancy),imita,,verb,body,true
concern,umulandu,,noun,abstract,true
concubine,mwinga,,noun,person,true
concupiscence,ulunkumbwa,,noun,emotion,true
condition,cifwaikwa,cikulu,noun,abstract,true
conduct,ensha,,verb,action,true
confess,lumbula,,verb,communication,true
confession,icilumbulo,,noun,communication,true
confidence,isubilo,,noun,emotion,true
confident,subila,,adjective,emotion,true
confidential,mu nkama,,adjective,quality,true
confirm,suminisha,,verb,action,true
confirmation,inkosho,,noun,religion,true
confluence,mawilo,,noun,nature,true
confuse,fulunganya,,verb,action,true
confusion,icimfulunganya,icimfundawila,noun,state,true
congeal,tikama,,verb,action,true
congratulate,tasha,,verb,communication,true
congratulations,ubutasho,,noun,communication,true
congregation,cibungwe,,noun,religion,true
connect,kumbinkanya,,verb,action,true
conquer,cimfya,,verb,action,true
conscience,umutima,,noun,abstract,true
consent,sumina,,verb,action,true
consequently,kanshi,e ico,conjunction,relation,true
consider,tontonkanya,,verb,action,true
console (pacify),talaliko mutima,,verb,emotion,true
constable,kapokola,,noun,person,true
constipated,ifumo lyauma,,adjective,health,true
construct,kula,panga,verb,action,true
consult,ipusha,,verb,communication,true
consume,lya,,verb,action,true
consumption (disease),ntanda bwanga,,noun,health,true
contagious,lwambu,,adjective,health,true
contain,ba mo,,verb,state,true
contaminate,ambukila,,verb,action,true
contempt,musalula,,noun,emotion,true
content (happy),temwa,,adjective,emotion,true
contents,ifyabamo,,noun,object,true
continue,twalilila,konkanya,verb,action,true
contract,icipangano,,noun,commerce,true
contradict,bikapo ifikansa,,verb,communication,true
contribute,sangula,pela,verb,action,true
control,teka,,verb,action,true
convenient,linga,,adjective,state,true
conversation,ilyashi,,noun,communication,true
convert,sangula,alula,verb,action,true
convict (do),shinina,,verb,law,true
cook,ipika,,verb,action,true
cooked (ready),pya,,adjective,state,true
cool,talala,,adjective,quality,true
copper,mukuba,,noun,material,true
copy,cikope,ambula,noun,object,true
cord,umwando,,noun,object,true
cork,inciliko,,noun,object,true
cork screw,ncililwo,,noun,tool,true
cormoran (water bird),nondo,,noun,animal,true
corner,itungi,,noun,place,true
corpse,citumbi,,noun,object,true
correct,wamya,,verb,action,true
cost,mutengo,,noun,commerce,true
cotton,tonge,,noun,material,true
cough,cifuba,,noun,health,true
council,cilye,,noun,government,true
councillor,wa mu cilye,shicilye,noun,person,true
count,penda,,verb,action,true
countless,te fya kupenda,,adjective,quantity,true
country,impanga,,noun,place,true
courage,kushipa,,noun,emotion,true
court,cilye,,noun,law,true
courtyard,lubansa,,noun,place,true
cousin,mufyala,,noun,family,true
cover,kupa,nkupo,verb,action,true
cover (do),kupika,fimba,verb,action,true
covet,kumbwa,,verb,emotion,true
cow,ingombe,,noun,animal,true
coward,kuwe,,noun,person,true
cowshed,itanga,icinka,noun,building,true
crab,nganse,,noun,animal,true
crack (in wall),mulale,,noun,object,true
crack (in skin of heel),linga,,noun,body,true
craft,bufundi,,noun,work,true
craftsman,fundi,,noun,person,true
cramp,ntontongolo,,noun,health,true
crane (crested),ngoli,,noun,animal,true
crane (other),ikolongo,,noun,animal,true
crash,toba,,verb,action,true
craving,bukasha,,noun,emotion,true
crawl,amfula,,verb,action,true
craziness,bushilu,,noun,health,true
crazy,pena,,adjective,health,true
create,bumba,,verb,action,true
creator,kabumba,,noun,religion,true
creature,cibumbwa,,noun,animal,true
creed,cisuminino,,noun,religion,true
creep (crawl),amfula,,verb,action,true
creep (hunter),bendela,,verb,action,true
cricket,nyense,,noun,animal,true
criminal,cipondo,,noun,person,true
cripple,cilema,,noun,person,true
crippled,lemana,,adjective,health,true
crocodile,ngwena,,noun,animal,true
crooked,kongama,,adjective,shape,true
crop,fisabo,,noun,agriculture,true
crop rotation,alule mbuto,,noun,agriculture,true
cross,musalaba,,noun,religion,true
cross (water),abuka,,verb,action,true
cross (be),fulwa,fitwa,verb,emotion,true
crossing place,cabu,,noun,place,true
crosswise,pindika,,adjective,shape,true
crow,mwankole,,noun,animal,true
crowd,ibumba,,noun,group,true
crown,cisote ca mfumu,,noun,object,true
crucifix,musalaba,,noun,religion,true
crucify,tanika,,verb,action,true
cruel,luma,,adjective,quality,true
cruelty,bunkalwe,,noun,behavior,true
crumble,bongolola,mokola,verb,action,true
crush,shina,shona,verb,action,true
cry,lila,,verb,emotion,true
cucumber,cibimbi,,noun,food,true
cultivate,lima,,verb,agriculture,true
cup,nkomaki,,noun,object,true
cupboard,kabati,,noun,furniture,true
cure,posha,undapa,verb,health,true
curl,lupoto,,noun,shape,true
curl up,nyonganya,,verb,action,true
current,mukuku,,noun,nature,true
curse,ntipu,tipa,noun,communication,true
curtail,cefya,,verb,action,true
curve,cinshoko,kongamika,noun,shape,true
cushion,musao,,noun,furniture,true
cut,mulaba,,verb,action,true
cut (oneself),icena,,verb,action,true
cut (hair),beya umushishi,,verb,action,true
cut off,putula,,verb,action,true
cut open,tumbula,,verb,action,true
cut tree,tema,,verb,action,true
cut meat,tanta,,verb,action,true
daily,cila bushiku,nshiku shonse,adjective,time,true
damage,onaula,,verb,action,true
damaged,onauka,,adjective,state,true
damp,bomba,mutonshi,adjective,quality,true
dampness,mutonshi,,noun,quality,true
dance,cila,cinda,verb,action,true
dandruff,nkuku,,noun,body,true
danger,busanso,,noun,state,true
dare,esha,pama,verb,action,true
dark,fita,,adjective,quality,true
darkness,mfifi,,noun,quality,true
date,bushiku,,noun,time,true
daughter,mwana mwanakashi,,noun,family,true
daughter in law,mupongoshi,,noun,family,true
dawn,ca,macaca,noun,time,true
day,bushiku,,noun,time,true
daybreak,macaca,,noun,time,true
daylight,kasuba,,noun,time,true
dead,fwa,,adjective,state,true
deaf,koma matwi,,adjective,health,true
deafen,komya matwi,,verb,action,true
deal,pela,,verb,commerce,true
dear,mutemwishi,mutemwikwa,adjective,emotion,true
dear (expensive),koso mutengo,,adjective,commerce,true
death,mfwa,,noun,event,true
debate,talika,,verb,communication,true
debt,nkongole,misha,noun,commerce,true
decay,bola,,verb,state,true
decease,fwa,,verb,state,true
deceit,bucenjeshi,,noun,behavior,true
deceitful,ba ne ndimi shibili,,adjective,behavior,true
december,mupundu-milimo,,noun,time,true
decide,pingula,,verb,action,true
decision,ubupingulo,,noun,abstract,true
declare,sosa,,verb,communication,true
decorate,samika,,verb,action,true
decoration,cisamo,,noun,object,true
deep,tali,shika,adjective,quality,true
defame,sebanya,,verb,communication,true
defeat,cimfya,ansha,verb,action,true
defend,pokolola,pokako,verb,action,true
defender,mpalume,,noun,person,true
defer,kokosha,tantalisha,verb,action,true
delay,chelesha,linsha,verb,action,true
delete,futa,,verb,action,true
deliberately,kumufu lo,,adverb,manner,true
delight,nsansa,,noun,emotion,true
delirious,sabaila,,adjective,health,true
deliver,pususha,lubula,verb,action,true
deliver (to),twala,,verb,action,true
demand,fwaya,lomba,verb,communication,true
demolish,onaula,,verb,action,true
demolished,onaika,,adjective,state,true
demon,cibanda,ciwa,noun,religion,true
denounce,sebanya,,verb,communication,true
deny,kana,,verb,communication,true
depart,ya,,verb,action,true
depend,ba kuli,,verb,state,true
depth,butali panshi,kushika,noun,measurement,true
descend,ika,,verb,action,true
describe,londolola,,verb,communication,true
desert,ciswebebe,,noun,place,true
deserter,musangu,,noun,person,true
deserve,fwa,,verb,state,true
design,lenga,,verb,action,true
designer,kalenga,,noun,person,true
desire,fwaya,kumbwa,verb,emotion,true
despite,nangu,nelyo,preposition,relation,true
destroy,onaula,toba,verb,action,true
destruction,bonaushi,,noun,action,true
detach,kakatula,,verb,action,true
detest,pata,,verb,emotion,true
detour,cinshoko,shosha,noun,place,true
develop,kula,,verb,action,true
development,buyantanshi,,noun,abstract,true
deviate,petula,petuka,verb,action,true
devour,lya,mina,verb,action,true
dew,mume,,noun,nature,true
diarrhoea,polomya,lwala pamala,noun,health,true
die,fwa,,verb,state,true
differ,ibela,lekana,verb,state,true
difference,bupusano,,noun,abstract,true
different,pusana,lekana,adjective,quality,true
differentiate,pusanya,lekanya,verb,action,true
difficult,afya,,adjective,quality,true
difficulty,bwafya,,noun,abstract,true
dig,imba,,verb,action,true
dig (up),shula,,verb,action,true
digest,sungulula,,verb,body,true
digit,ipendo,,noun,body,true
dignity,bucindami,mucinshi,noun,quality,true
dilute,sundula,songolola,verb,action,true
diminish,cefya,,verb,action,true
dine,lya,,verb,action,true
dining room,nganda ya kulilamo,,noun,place,true
dip,tumpa,tumpika,verb,action,true
direct (show),langa,tungulula,verb,action,true
direct (straight),lungama,,adjective,quality,true
direction,ntunga,lubali,noun,abstract,true
dirt,ciko,busali,noun,quality,true
dirty,ba ne fiko,sapa,adjective,quality,true
disadvantage,bipile,,noun,abstract,true
disagree,pusana,,verb,communication,true
disappear,loba,ongoloka,verb,action,true
disapprove,kana,,verb,communication,true
disarrange,salanganya,fulunganya,verb,action,true
discontent,cifukushi,,noun,emotion,true
discourage,nenuna,fupula,verb,emotion,true
discover,sanga,sokola,verb,action,true
discretion,mfundato,,noun,quality,true
disdain,fwita,sula,verb,emotion,true
disease,bulwele,ntandabwanga,noun,health,true
disgrace,sebanya,,verb,action,true
disguise,fisa,,verb,action,true
disgust,citendwe,tendusha,noun,emotion,true
dish,mbale yafongomana,,noun,object,true
dishearten,fupula,,verb,emotion,true
disinter,shukula,,verb,action,true
dislike,pata,,verb,emotion,true
dislocate,minya,,verb,action,true
dismantle,pangulula,pangaula,verb,action,true
dismiss,tamfya,,verb,action,true
disorder,cimfulunganya,fulungana,noun,state,true
dispatch,tuma,,verb,action,true
dispensary,cipatala,,noun,place,true
disperse,salanganya,,verb,action,true
dispersion,isunga,,noun,state,true
displeased,fulwa,fitwa,adjective,emotion,true
dispute,fikansa,kansana,noun,communication,true
disregard,musalula,sula,verb,action,true
disrespectful,ba nemisula,,adjective,behavior,true
dissention,cimpatanya,,noun,communication,true
dissolve,sungulula,,verb,action,true
dissuade,kanya,,verb,communication,true
distance,kulepa,talusha,noun,measurement,true
distinguish,lekanya,pusanya,verb,action,true
distinguished,lumbuka,,adjective,quality,true
distract,pusaula,pusauka,verb,action,true
district,mpanga,calo,noun,place,true
ditch,mufolo,,noun,place,true
dive,ibila,,verb,action,true
divide,akanya,,verb,action,true
divination,lubuko,,noun,religion,true
divine,takatifu,,adjective,religion,true
divine (the future),buka,,verb,religion,true
divinity,bumulungu,,noun,religion,true
divorce,lekana mucupo,putule cupo,noun,family,true
divulge,ananya,sokolola,verb,communication,true
dizziness,lunshingwa,,noun,health,true
do,cita,,verb,action,true
docile,nakilila,petama,adjective,behavior,true
docility,bupete,cumfwilo,noun,behavior,true
doctor,shinganga,,noun,person,true
dog,mbwa,,noun,animal,true
doll,kalubi,,noun,object,true
domicile,bwikalo,,noun,place,true
donkey,punda,,noun,animal,true
door,cibi,,noun,building,true
door post,ingwe,,noun,building,true
doorway,mwinshi,,noun,building,true
dormitory,nganda yakusendamamo,,noun,building,true
dorsal,longololo lwa numa,,adjective,body,true
dot,itoni,,noun,shape,true
double,pabili,,adjective,quantity,true
doubt,twishika,,verb,emotion,true
dove,cipele,,noun,animal,true
dovecot,citele,,noun,building,true
down,panshi,,adverb,location,true
down (put),teka panshi,,verb,action,true
downstream,kwisamba lya mumana,,adverb,location,true
dowry,mpango,,noun,commerce,true
doze,shipula,,verb,state,true
drag,tinta,kulula,verb,action,true
draw,tinta,,verb,action,true
draw (line),lenga,,verb,action,true
draw (water),tapa menshi,,verb,action,true
draw (no winner),filwana,,verb,action,true
draught (drink),musa,,noun,drink,true
draught (wind),mwela,,noun,nature,true
dream,ciloto,lota,noun,state,true
dregs (beer),manshi,,noun,object,true
dress,ilaya lyabanakashi,fwika,noun,clothing,true
drill,musumbo,,noun,tool,true
drink,nwa,cakunwa,verb,action,true
drip,tona,,verb,action,true
drip (cause to),tonya,,verb,action,true
drive,ensha,,verb,action,true
driver,namutekenya,,noun,person,true
drizzle,bufumi,mima,noun,nature,true
drop,itoni,pona,noun,action,true
drop (cause to),ponya,,verb,action,true
drought,cilala,,noun,nature,true
drown,nwensha,nwena,verb,action,true
drowse,shipula,,verb,state,true
drug,muti,ndawa,noun,health,true
drum,ngoma,,noun,object,true
drunk,kolwa,,adjective,state,true
drunkard,mumwenshi,,noun,person,true
drunkeness,bunwenshi,kukolwa,noun,state,true
dry,ma,kama,adjective,quality,true
duck,mbata,,noun,animal,true
duck (wild),coso,,noun,animal,true
duiker,mpombo,,noun,animal,true
duiker (blue),katimba,,noun,animal,true
dumb person,cibulu,,noun,person,true
dumbness,bucibulu,,noun,health,true
dung,citindi,mafi yangombe,noun,object,true
during,munshita ya,,preposition,time,true
dusk,lumonangala,,noun,time,true
dust,lukungu,,noun,nature,true
duster,citambala cakufutilako,,noun,tool,true
duty,ncito,mulimo,noun,work,true
dwarf,kamuntu akepi,,noun,person,true
dwell,ikala,,verb,action,true
dying,pumbuka pa kufwa,naka,adjective,state,true
dynamite,cisalatini,,noun,weapon,true
dysentery,polomyo mulopa,cele,noun,health,true
each,onse,cila,determiner,quantity,true
each one,cila umo,,determiner,quantity,true
eager,fwaisha,,adjective,emotion,true
eagle,kapumpe,,noun,animal,true
ear,kutwi,,noun,body,true
earache,mboboyo,,noun,health,true
early,lucelo,kacelo,adverb,time,true
early (very),lucelocelo,kacelocelo,adverb,time,true
earn,mwenamo,lipilwa,verb,commerce,true
earth,calo,isonde,noun,nature,true
earthquake,cinkukuma,,noun,nature,true
east,kabanga,,noun,place,true
easter,ipasaka,,noun,holiday,true
eastertide,mwaka wa pasaka,,noun,holiday,true
easy,anguka,,adjective,quality,true
eat,lya,,verb,action,true
eat (feast),ipakishe,,verb,action,true
edge (hole),milomo,,noun,object,true
edge (river),isense,lulamba,noun,place,true
edible,liwa,,adjective,quality,true
educate,funda,,verb,action,true
education,buleshi,kufunda,noun,abstract,true
effort,maka,,noun,abstract,true
egg,lini,,noun,food,true
eight,cine konse konse,,number,quantity,true
either,onse,atemwa,conjunction,relation,true
eland,nsefu,,noun,animal,true
elastic,nyunsuluka,,adjective,quality,true
elbow,nkonkoni,,noun,body,true
elder,kalamba,,noun,person,true
elect,sala,,verb,action,true
elegance,busaka,,noun,quality,true
elephant,nsofu,,noun,animal,true
elephantiasis,mubamba,,noun,health,true
elevate,lundumanika,,verb,action,true
else,atemwa,,adverb,manner,true
elsewhere,kumbi,pambi,adverb,location,true
embellish,waminisha,,verb,action,true
ember,musolilo,,noun,object,true
embrace,fukatila,kumbatila,verb,action,true
emissary,nkombe,mutumishi,noun,person,true
employ,bomfya,pelo mulimo,verb,commerce,true
empty,pwa,,adjective,state,true
encircle,shinga,,verb,action,true
enclose,ingisha,,verb,action,true
enclosure,lupango,,noun,place,true
encourage,kosho mutima,,verb,emotion,true
end,mpela,lutwe,noun,abstract,true
enemy,mulwani,,noun,person,true
energetic,shipa,,adjective,quality,true
energetically,maka maka,,adverb,manner,true
engage (marriage),kobekela,,verb,family,true
engage (work),pelo mulimo,,verb,commerce,true
engine,ingini,,noun,object,true
enjoy,shukila,,verb,emotion,true
enlarge,kusha,,verb,action,true
enlighten,panda mano,funda,verb,action,true
enmity,bulwani,,noun,emotion,true
enough,fula,,adjective,quantity,true
enslave,cita musha,lofya,verb,action,true
entangle,fundikanya,,verb,action,true
enter,ingila,,verb,action,true
entice,pimpila,,verb,action,true
entire,tuntulu,onse,adjective,quantity,true
entirely,onse nakalya,,adverb,degree,true
entrance,mwinshi,mwingililo,noun,building,true
enumerate,lumbula,,verb,action,true
envelope,pomba,nkupo,noun,object,true
envious,ba no mufimbila,,adjective,emotion,true
envoy,nkombe,,noun,person,true
epidemic,cikuko,,noun,health,true
epilepsy,kakoshi-musa,bushilu,noun,health,true
epileptic fits,shinsha,,noun,health,true
equal,lingana,,adjective,quality,true
erase,futa,,verb,action,true
erect,imika,,verb,action,true
err,luba,,verb,action,true
error,cilubo,,noun,abstract,true
escape,pusumuka,fyuka,verb,action,true
escort,shindika,,verb,action,true
especially,pali bubi,ukucila,adverb,degree,true
esteem,mucinshi,,noun,emotion,true
eternal,pe,,adjective,time,true
eucharist,lukalishitiya,,noun,religion,true
europe,bulaya,,noun,place,true
european,musungu,,noun,person,true
european (of),cisungu,,adjective,quality,true
evangelist,mwalimu,,noun,religion,true
eve,cibelushi,,noun,time,true
even,lingana,,adjective,quality,true
even (though),nangu,nangula,conjunction,relation,true
evening,cungulo,,noun,time,true
ever,tala,,adverb,time,true
ever since,nshita yonse iyo,,adverb,time,true
everlasting,pe,belelela,adjective,time,true
every,onse,cila,determiner,quantity,true
everybody,onse,muntu onse,pronoun,person,true
everywhere,mpanga yonse,konsekonse,adverb,location,true
evidence,bunte,,noun,law,true
evil,bubi,,noun,quality,true
evocation,lubuko,,noun,religion,true
evocator,kabuka,,noun,person,true
evoke spirits,buka,,verb,religion,true
exact,ba bwino,,adjective,quality,true
exactly,na endi,cine cine,adverb,manner,true
exaggerate,lemyo mulandu,,verb,communication,true
exaggeration,mukunka bulunda nkoloko,,noun,communication,true
examination,mashindano,,noun,event,true
examine,lengula,,verb,action,true
example,cilangililo,,noun,abstract,true
excavate,fonkola,,verb,action,true
exceed,cisha,cila,verb,action,true
excellent,suma,wama sana,adjective,quality,true
except,kano,,preposition,relation,true
exchange,kabula,cinja,verb,commerce,true
excrement,busali,mafi,noun,object,true
excuse (pardon),belelo luse,,verb,communication,true
excuse (exempt),fumya,,verb,action,true
exhaust,tembula,fumuna,verb,state,true
exhort,konkomesha,,verb,communication,true
exhortation,ifunde,,noun,communication,true
exhume,shukula,,verb,action,true
expect,cetekela,,verb,emotion,true
expectoration,cikola,,noun,body,true
expel,tamfya,,verb,action,true
expensive,koso mutengo,,adjective,commerce,true
experiment,esha,,verb,action,true
expert,fundi,cibinda,noun,person,true
expiate,futila,,verb,religion,true
explain,londolola,,verb,communication,true
explode,latula,latuka,verb,action,true
explore,lengula,,verb,action,true
extend,tambalika,,verb,action,true
extensible,nyunsuluka,,adjective,quality,true
external,kunse,,adjective,location,true
extinct,shima,,adjective,state,true
extinguish,shimya,,verb,action,true
extol,lumbanya,,verb,communication,true
extract (thorn),bangula,,verb,action,true
extract (tooth),nukula,,verb,action,true
extract (boil metal),enga,,verb,action,true
extraordinary,ca ku kusungusha,,adjective,quality,true
extremity,lutwe,,noun,abstract,true
eye,linso,,noun,body,true
eye (look at),tontomesha,,verb,action,true
eyebrow,cikumbi,,noun,body,true
eye cataract,cibubi,,noun,health,true
eyelash,lukopyo,,noun,body,true
eyelid,cipa ca linso,,noun,body,true
eye witness,mona kumenso,,noun,person,true
fable,lushimi,mulumbe,noun,story,true
fabricate,panga,,verb,action,true
face,mpumi,,noun,body,true
facilitate,angusha,,verb,action,true
fade,fota,bonsa,verb,state,true
faeces,mafi,,noun,object,true
faggot,cifinga,,noun,object,true
fail,filwa,,verb,action,true
faint,tembuka,fwa cipupu,verb,state,true
fair,suma,,adjective,quality,true
faith,cisumino,,noun,religion,true
faithful,cishinka,cine cine,adjective,quality,true
fall,poma,,verb,action,true
false,bufi,,adjective,quality,true
fame,lulumbi,,noun,abstract,true
family,lupwa,,noun,family,true
famine,cipowe,,noun,nature,true
famous,lumbuka,,adjective,quality,true
far,kutali,,adverb,location,true
farewell,shalikapo,,interjection,courtesy,true
farm,ibala,famu,noun,place,true
farmer,mulimi,,noun,person,true
fast,lubilo,,adverb,manner,true
fasten,ikasha,,verb,action,true
fat,mafuta,,noun,food,true
fat (oily),nona,,adjective,quality,true
fat (big),ina,,adjective,quality,true
father,tata,,noun,family,true
father of twins,shimpundu,,noun,family,true
father in law,pongoshi,,noun,family,true
fatten,inya,,verb,action,true
fault,cilubo,,noun,abstract,true
favour,afwa,,verb,action,true
favourite,kacele,mubile,adjective,emotion,true
fear,mwenso,,noun,emotion,true
fearless,pama,,adjective,emotion,true
feast,malila,,noun,event,true
feather,isako,,noun,body,true
february,kabengele kakalamba,,noun,time,true
fecundate,imisha,,verb,action,true
fed up,tendwa,,adjective,emotion,true
feeble,bonsa,,adjective,quality,true
feed,lisha,,verb,action,true
feel,umfwa,,verb,emotion,true
fell,tema,,verb,action,true
fellow,mune,,noun,person,true
female,kota,,adjective,gender,true
feminine,anakashi,,adjective,gender,true
fence,ilinga,lubao,noun,object,true
ferment,nsashiko,,noun,object,true
fern,luputu,,noun,plant,true
ferocious,kali,,adjective,quality,true
ferocity,bukali,bunkalwe,noun,quality,true
ferry,cikwepe,,noun,transport,true
fertile,funda,,adjective,quality,true
fetch,fwaya,,verb,action,true
fetish,kalubi,,noun,object,true
fever,mpepo,,noun,health,true
few,mo,,adjective,quantity,true
fiance,lumbwe,,noun,family,true
fiancee,nkobekelwa,,noun,family,true
field,ibala,cilime,noun,place,true
fierce,kali,,adjective,quality,true
fig tree,mukunyu,,noun,plant,true
fight,lubuli,lwa,verb,action,true
file (tool),fupa,,noun,tool,true
file (line),mulongo,,noun,group,true
fill,isusha,paka,verb,action,true
fill (hole),shika,,verb,action,true
filter,nceemeko,cemeka,noun,tool,true
filth,ciko,,noun,quality,true
filthy,ba ne fiko,,adjective,quality,true
finally,suka,,adverb,time,true
find,sanga,,verb,action,true
fine,lipilisha,suma,adjective,quality,true
fine (thin),anguka,,adjective,quality,true
finger,munwe,,noun,body,true
finger (thumb),cikumo,,noun,body,true
finger nail,lwala,,noun,body,true
finger (ring),mbalaminwe,,noun,jewelry,true
finish,pwa,,verb,action,true
fire,mulilo,,noun,nature,true
firearm,canso,,noun,weapon,true
firebrand,cishishi ca mulilo,,noun,object,true
fire fly,cishishi ca mulilo,,noun,animal,true
fire place,ishiko,,noun,place,true
fire poker,musolilo,,noun,tool,true
firewood,lukuni,,noun,object,true
first,ntanshi,,adjective,order,true
first born,ibeli,,noun,family,true
fish,isabi,,noun,animal,true
fish bone,umunga we sabi,,noun,body,true
fish eagle,cembe,nkwashi,noun,animal,true
fish hook,bulobo,,noun,tool,true
fish poison,buba,,noun,object,true
fish trap,mono,,noun,tool,true
fisherman,mulondo,,noun,person,true
fist,ikofi,cifunshi,noun,body,true
fit,linga,,verb,state,true
five,fisano,,number,quantity,true
fix,kambatika,,verb,action,true
flag staff,mulongoti,,noun,object,true
flame,lubingu,,noun,nature,true
flash,byata,,verb,action,true
flask,musukupala,,noun,object,true
flat,papatata,,adjective,shape,true
flatten,papatika,,verb,action,true
flatter,senga,,verb,communication,true
flatterer,mufukila kubili,,noun,person,true
flatulence,cisushi,,noun,body,true
flavour,cinunshi,,noun,taste,true
flea,lupantila,,noun,animal,true
flee,fyuka,butuka,verb,action,true
flesh,munofu,,noun,food,true
flexible,kondenkana,,adjective,quality,true
float,elela,,verb,action,true
flog,lapika,,verb,action,true
flood,lyeshi,bundwa,noun,nature,true
floor,ica panshi,bunga,noun,building,true
flow,pita,,verb,action,true
flower,iluba,,noun,plant,true
fluff (hair),ifufu,,noun,body,true
flute,mutolilo,,noun,object,true
fly (insect),lunshi,,noun,animal,true
fly,pupuka,,verb,action,true
foam,ifulo,,noun,object,true
foe,mulwani,,noun,person,true
foetus,ifumo,,noun,body,true
fog,fubefube,,noun,nature,true
fold,peta,,verb,action,true
follow,konka,,verb,action,true
following,konkapo,,adjective,order,true
folly,buwelewele,,noun,behavior,true
fond (like),fwaisha,,adjective,emotion,true
food,cilyo,cakulya,noun,food,true
food for journey,mpao,,noun,food,true
fool,cipuba,,noun,person,true
foolishness,buwelewele,,noun,behavior,true
foot,lukasa,,noun,body,true
football,mupila,,noun,activity,true
footpath,nshila,kashila,noun,place,true
footprint,makasa,,noun,object,true
for,ku,,preposition,relation,true
forbid,lesha,,verb,action,true
force,patika,maka,verb,action,true
foreboding,lucebu,,noun,emotion,true
ford,cabu,,noun,place,true
forefather,cikolwe,,noun,family,true
forehead,mpumi,,noun,body,true
foreign,eni,,adjective,quality,true
foreigner,mweni,,noun,person,true
foreman,kapitao,,noun,person,true
forenoon,lucelo,,noun,time,true
forest,mutengo,mpanga,noun,place,true
forge,fula,,verb,action,true
forget,laba,,verb,state,true
forgetful,ba ne cilafi,,adjective,state,true
forgetfulness,cilafi,,noun,state,true
forgive,belelo luse,,verb,action,true
fork (of branch),lupanda,,noun,nature,true
fork,foloko,,noun,object,true
form,musango,,noun,abstract,true
formerly,kale,pa ntanshi,adverb,time,true
fornicate,angala fyabipa,,verb,action,true
fornication,bupulumushi,,noun,behavior,true
forsake,lekelesha,,verb,action,true
forsaken,nsansalila,,adjective,state,true
fortify,kosha,,verb,action,true
fortnight,milungu ibili,,noun,time,true
fortunate,shuka,,adjective,state,true
fortune (good),ishuko,,noun,abstract,true
forward,tuma,ku ntanshi,adverb,location,true
foster,tentemba,,verb,family,true
foster (parent),muleshi,,noun,family,true
found,moneka,londoka,verb,action,true
foundation,mufula,,noun,building,true
fountain,cishima,kafumkwemfunkwe,noun,nature,true
four,ne,,number,quantity,true
fowl,nkoko,,noun,animal,true
fox,mumbwe,nkusa,noun,animal,true
fracture,funa,,verb,action,true
fraud,bucenjeshi,,noun,behavior,true
free,lubula,,adjective,state,true
freely,cabe,,adverb,manner,true
freeze,tikama,,verb,state,true
frequently,libili libili,,adverb,time,true
fresh,bishi,,adjective,quality,true
friday,cisano,,noun,time,true
friend,cibusa,,noun,person,true
friend (my),munandi,,noun,person,true
friend (your),munobe,,noun,person,true
friendship,bucibusa,,noun,relation,true
frighten,tinya,,verb,emotion,true
frightful,cakutina,,adjective,emotion,true
frog,cula,,noun,animal,true
from,ku,kuli,preposition,relation,true
front,pa ntanshi,mpumi,noun,location,true
frontier,mupaka,,noun,place,true
frost,mpepo,,noun,nature,true
froth,ifulo,,noun,object,true
frown,tembe nkanshi,,verb,action,true
fruit,citwalo,mukoto,noun,food,true
fry,salula,,verb,action,true
full,isula,,adjective,quantity,true
fume,cushi,,noun,object,true
fun,nseko,milangwe,noun,emotion,true
funeral,cililo,,noun,event,true
funnel,mpakilo,,noun,tool,true
funny,sekesha,,adjective,quality,true
fur,masako ya nama,,noun,body,true
furious,sakatuka,,adjective,emotion,true
furnace,ilungu,,noun,tool,true
furnish,fwaila,,verb,action,true
furrow,mufolo,munyangala,noun,place,true
further,ukucila,,adverb,degree,true
future,nshita ikesa,ku ntanshi,noun,time,true
gaiety,nsansa,,noun,emotion,true
gain,mwenamo,,noun,commerce,true
gale,cikuku ca mwela,,noun,nature,true
gall,ndusha,,noun,body,true
game (sport),cangalo,,noun,activity,true
game (animal),nama sha kulunga,,noun,animal,true
game meat,nama sha mpanga,,noun,food,true
game pit,bucinga,,noun,place,true
gap,mupokapoka,,noun,object,true
gape,asama,,verb,action,true
garden,ibala,malimino,noun,place,true
gardener,shimalimino,,noun,person,true
gargle,sukusa,,verb,action,true
garment,cakufwala,cifwalo,noun,clothing,true
gate,mpongolo,,noun,building,true
gather,longanya,,verb,action,true
gathering,cilonganino,ibungwe,noun,group,true
gay (happy),ba ne nsansa,,adjective,emotion,true
gaze,lolekesha,tontomesha menso,verb,action,true
general,onse,,adjective,quality,true
generosity,bupe,,noun,quality,true
generous,wa bupe,,adjective,quality,true
gentile,musenshi,,noun,person,true
gentleman,muntu wa cindama,muntu wa mibele isuma,noun,person,true
gentleness,cikuku,,noun,quality,true
genuflect,tibila,fuka kulu kumo,verb,action,true
germ,musonga,,noun,health,true
germinate,mena,,verb,action,true
get,poka,,verb,action,true
get away,fumapo,,verb,action,true
get back,bwela,,verb,action,true
get down,ika,,verb,action,true
get out,fumapo,,verb,action,true
get up,ima,,verb,action,true
ghost,ciwa,mulungulwa,noun,religion,true
ghost (holy),mweo mutakatifu,,noun,religion,true
giant,cimuntu,,noun,person,true
giddiness,lunshingwa,,noun,health,true
gift,bupe,,noun,commerce,true
giraffe,ndyabuluba,,noun,animal,true
girdle,mushingo,,noun,clothing,true
girl,mukashana,mwanakashi mwaice,noun,person,true
give,pela,pa,verb,action,true
give back,bwesha,,verb,action,true
give in,cimba,,verb,action,true
give up,leka,,verb,action,true
gizzard,nondo,,noun,body,true
glance,ceba,,verb,action,true
gland (swollen lymph),mutantamfula,,noun,health,true
glitter,beka,,verb,action,true
gloominess,cintefwila,,noun,emotion,true
glorify,lumbanya,,verb,religion,true
glory,malumbo,,noun,religion,true
glue,kambatika,,verb,action,true
gluttony,bulili,,noun,behavior,true
gnash teeth,senganya meno,,verb,action,true
gnaw,kokota,,verb,action,true
go,ya,enda,verb,action,true
goat,mbushi,,noun,animal,true
goat (male),sawe,,noun,animal,true
go-away bird,kuwe,,noun,animal,true
god,lesa,mulungu,noun,religion,true
godchild,mwana wa lubatisho,,noun,family,true
godfather,wishi wa lubatisho,,noun,family,true
godmother,nyina wa lubatisho,,noun,family,true
godparent,mwiminishi,,noun,family,true
goitre,cibukulo,,noun,health,true
gong,lubembo,,noun,object,true
good,suma,wamya,adjective,quality,true
good-bye (stay well),shalenipo,,phrase,courtesy,true
good-bye (travel well),kafikenipo,,phrase,courtesy,true
good day,mwapoleni,,phrase,courtesy,true
good enough,eyefilyako,,phrase,courtesy,true
goose,ishipi,,noun,animal,true
gooseberry,lusongwa,,noun,food,true
gorge,mupokapoka,,noun,place,true
gossip,ilyashi,lwambo,noun,communication,true
gouge out,tonkola,,verb,action,true
gourd,nsupa,,noun,object,true
govern,teka bantu,,verb,government,true
government,buteko,kamfulumende,noun,government,true
governor,kateka wa calo,,noun,person,true
gown,nkansu,,noun,clothing,true
grace,busuma,nema,noun,religion,true
graft,alule mbuto,,verb,agriculture,true
grain,luseke,mbuto,noun,food,true
grain bin,butala,,noun,object,true
grand,kalamba,,adjective,quality,true
grandchild,mwishikulu,,noun,family,true
grandfather,shikulu,sokulu,noun,family,true
grandmother,mama,nokokulu,noun,family,true
grant,sumina,pela,verb,action,true
grasp (grip),fumbata,,verb,action,true
grasp (understand),tesha,,verb,state,true
grass,cani,,noun,plant,true
grasshopper,kapaso,,noun,animal,true
grateful,santika,,adjective,emotion,true
gratis,cabe,,adjective,commerce,true
grave,cilindi,luputa lwa muntu,noun,place,true
gravel,nsakalabwe,,noun,material,true
graveyard,nshishi,,noun,place,true
gravy,muto,,noun,food,true
grease,mafuta,,noun,food,true
great,kalamba,,adjective,quality,true
greatly,pakalamba,,adverb,degree,true
greatness,bukalamba,,noun,quality,true
greediness,bulili,,noun,behavior,true
green (colour),katapakatapa,,adjective,color,true
green (raw),bishi,,adjective,quality,true
greet,celela,posha,verb,communication,true
grey,butuluka,,adjective,color,true
grief,bulanda,,noun,emotion,true
grimace,isente,,noun,body,true
grin,censa,ceneka,verb,action,true
grind,pela,,verb,action,true
grip,manika,,verb,action,true
groan,teta,ngonta,verb,communication,true
ground,panshi,,noun,nature,true
groundnut,lubalala,,noun,food,true
groundpea,lutoyo,,noun,food,true
group,ibumba,isese,noun,group,true
grove,mushitu,,noun,place,true
grow,kula,lima,verb,action,true
growl,buluma,,verb,sound,true
grudge,cikonko,cipyu,noun,emotion,true
gruel,musunga,,noun,food,true
grumble,ilishanya,isosha,verb,communication,true
guard,linda,,verb,action,true
guardian,mulinshi,,noun,person,true
guava,ipela,,noun,food,true
guess,elenganya,,verb,action,true
guest,mweni,,noun,person,true
guide,ntungulushi,tungulula,noun,person,true
guilty,ba no mulandu,,adjective,law,true
guinea fowl,ikanga,,noun,animal,true
gum,cinyamuti,,noun,plant,true
gum (of teeth),ciponshi,,noun,body,true
gun,mfuti,,noun,weapon,true
gun powder,maluti,,noun,weapon,true
habit,mibele,,noun,behavior,true
habit (dress),cakufwala,,noun,clothing,true
hail (stones),mfula ya mabwe,,noun,nature,true
hail (greet),posha,,verb,communication,true
hair,mushishi,,noun,body,true
hair (body hair),ipipi,,noun,body,true
half,pakati,,noun,quantity,true
halt,iminina,iminika,verb,action,true
halve,putula pakati,,verb,action,true
hammer,nondo,,noun,tool,true
hammer,pampamina,,verb,action,true
hammock,icila,,noun,furniture,true
hand,cisansa,,noun,body,true
handcuff,nshimbi sha kalyati,,noun,object,true
handful,lupi pa,,noun,quantity,true
handicraft,bufundi,,noun,work,true
handkerchief,citambala ca kufyonenamo,,noun,object,true
handle,mupini,,noun,object,true
hang,kobeka,,verb,action,true
hang (suicide),ikulika,,verb,action,true
happen,citika,,verb,action,true
happiness,nsansa,,noun,emotion,true
happy,ba ne nsansa,,adjective,emotion,true
harbour,cabu,,noun,place,true
hard,kosa,,adjective,quality,true
harden,kosha,,verb,action,true
hard-headed,koso mutwe,,adjective,behavior,true
hard-hearted,koso mutima,uma ku mutima,adjective,behavior,true
hard-heartedness,bunkalwe,bululu,noun,behavior,true
hardly,kwempe,,adverb,degree,true
hardship,bwafya,,noun,abstract,true
hare,kalulu,,noun,animal,true
hark,umfwa,,verb,action,true
harlot,iule,ketwa,noun,person,true
harm,bubi,,noun,abstract,true
harmful,bipila,,adjective,quality,true
harmonium,cinanda,,noun,object,true
harpoon,cibingu,,noun,weapon,true
harsh,kalwe,,adjective,quality,true
harshness,bunkalwe,,noun,quality,true
hartebeest,nkonshi,,noun,animal,true
harvest,kusepa,,verb,agriculture,true
haste,lubilo,,noun,state,true
hasten,anguka,,verb,action,true
hat,cisote,,noun,clothing,true
hatch (eggs),tota mani,,verb,action,true
hate,pata,,verb,emotion,true
hatred,lupato,,noun,emotion,true
have,kwata,,verb,state,true
hawk,pungwa,,noun,animal,true
hawk (shikra),lukoshi,,noun,animal,true
hawker,musulwishi,,noun,person,true
head,mutwe,,noun,body,true
headman,kapitao,,noun,person,true
heal,posha,,verb,health,true
health,mutende,,noun,health,true
healthy,ba mutende,,adjective,health,true
heap,mwina,,noun,quantity,true
hear,umfwa,,verb,action,true
heart,mutima,,noun,body,true
hearth,ishiko,,noun,place,true
heat,cikabilila,,noun,nature,true
heat up,kafya,,verb,action,true
heathen,musenshi,,noun,religion,true
heaven,mulu,,noun,religion,true
heavy,fina,,adjective,quality,true
hedge,ilinga,,noun,object,true
heel,citende,,noun,body,true
he-goat,sawe,,noun,animal,true
height,butali,,noun,measurement,true
heir,mpyani,,noun,family,true
hell,mulilo wa pe,,noun,religion,true
help,afwa,cafwilisho,verb,action,true
helper,bukota,kafwa,noun,person,true
helpful,tumike,,adjective,quality,true
hemp,ibange,,noun,plant,true
hen,nkoko,,noun,animal,true
hence,e ico,eco,conjunction,relation,true
henceforth,kuntanshi,,adverb,time,true
herald,kabila wa mbila,,noun,person,true
herd,ibumba,,noun,group,true
herdsman,kacema,,noun,person,true
here,kuno,pano,adverb,location,true
heredity,cifyalilo,,noun,abstract,true
hereupon,ninshi,,adverb,time,true
heron,nkoba,,noun,animal,true
hesitate,twishika,,verb,emotion,true
hey,e,,interjection,communication,true
hiccup,muntekunteku,,noun,body,true
hide,fisa,,verb,action,true
hide (skin),mukupo,,noun,body,true
high,tali,,adjective,quality,true
hill,lupili,,noun,nature,true
him,akwe,,pronoun,person,true
himself,mwine,,pronoun,person,true
hinder,fufya,,verb,action,true
hindrance,cilesha,,noun,abstract,true
hip,lutungu,,noun,body,true
hippo,mfubu,,noun,animal,true
hippopotamus,mfubu,,noun,animal,true
hire,ashima,,verb,commerce,true
history (ancient),milandu ya kale,,noun,abstract,true
history (modern),milandu ya nomba,,noun,abstract,true
hit,uma,,verb,action,true
hither,kuno,,adverb,location,true
hive,cilunda,,noun,object,true
hoarse,kome shiwi,,adjective,health,true
hoe,lukasu,,noun,tool,true
hold,ikata,,verb,action,true
hole,bwendo,cilindi,noun,object,true
holiday,bushiku bwa kutusha,,noun,time,true
holiness,takatifu,,noun,religion,true
homage,mucinshi,,noun,emotion,true
homesick,fuluka,,adjective,emotion,true
honest,cishinka,,adjective,quality,true
honestly,bucishinka,,adverb,manner,true
honey,buci,,noun,food,true
honeybird,nguni,,noun,animal,true
honeycomb,cipepe,,noun,object,true
honeyfly,kabulubulu,,noun,animal,true
honour,cindika,,verb,action,true
honourable,cindama,,adjective,quality,true
honourableness,bukata,,noun,quality,true
hoof,lubondo,,noun,body,true
hook,bulobo,,noun,tool,true
hoot,sopesha,,verb,sound,true
hop,toboka,,verb,action,true
hope,cisubilo,,noun,emotion,true
horn,lusengo,,noun,body,true
hornet,ilonda,,noun,animal,true
horse,mfwalashi,kabalwe,noun,animal,true
hospital,cipatala,,noun,place,true
horsefly,cipobe,,noun,animal,true
host,kasunga,,noun,person,true
hostile,lwani,,adjective,emotion,true
hostility,bulwani,,noun,emotion,true
hot,kaba,,adjective,quality,true
hotel,otela,,noun,place,true
hour,nsa,,noun,time,true
hourly,cila nsa,,adverb,time,true
house,nganda,,noun,building,true
how,shani,,adverb,manner,true
however,nomba,ngefyo,conjunction,relation,true
how much,shinga,,adverb,quantity,true
how many (people),banga,,adverb,quantity,true
howl,kuwa,,verb,sound,true
hum,tata,,verb,sound,true
human,muntu,,noun,person,true
humanity,buntunse,bumuntu,noun,abstract,true
humble,cefya,,adjective,behavior,true
hump,ntengele,,noun,body,true
hundred,mwanda,,number,quantity,true
hunger,nsala,,noun,state,true
hunt,lunga,,verb,action,true
hunter,mulunshi,kalunga,noun,person,true
hurricane,cikuku ca mwela,,noun,nature,true
hurry up,endesha,cincila,verb,action,true
hurt,kalipa,,verb,health,true
husband,muka,,noun,family,true
husk,cipapa,,noun,object,true
hut,nganda,,noun,building,true
hyena,cimbwi,,noun,animal,true
hymn,lwimbo,,noun,religion,true
hypocrite,wa ndimi shibili,,noun,person,true
i (me),ine,,pronoun,person,true
ice,menshi makasa,,noun,nature,true
idea,muntontonkanya,,noun,abstract,true
identity,cishibilo,,noun,abstract,true
identity card,citupa,,noun,object,true
idiot,ciwelewele,cipumbu,noun,person,true
idle,nangana,,adjective,state,true
idleness,bunangani,bulamu,noun,state,true
idol,kalubi,,noun,religion,true
if,nga,,conjunction,relation,true
ignore,sula,,verb,action,true
iguana,nsamba,,noun,animal,true
ill,lwala,,adjective,health,true
illness,bulwele,,noun,health,true
ill-treat,cito lucu,,verb,action,true
illustrate,langa,,verb,action,true
image,nsalamu,,noun,object,true
imagination,mwelenganya,,noun,abstract,true
imagine,elenganya,,verb,action,true
imitate,pashanya,,verb,action,true
immediate,ndakai,,adjective,time,true
immediately,nombaline,,adverb,time,true
immerse,abika,tumpika,verb,action,true
immorality,bupulumushi,,noun,behavior,true
impatient,ba ne cipyu,,adjective,emotion,true
impediment,cilesha,,noun,abstract,true
impertinence,musalula,,noun,behavior,true
implement,cibombelo,,noun,tool,true
implore,papata,,verb,communication,true
important,kalamba,,adjective,quality,true
impossible,ansha,,adjective,quality,true
impotence,bucibola,,noun,health,true
imprison,kaka,,verb,law,true
improve,wamya,,verb,action,true
in,mu,,preposition,relation,true
incense,bubani,,noun,object,true
incision,lulembo,,noun,health,true
incite,cinchisha,,verb,action,true
incline (head),iniko mutwe,,verb,action,true
incline (body),inama,,verb,action,true
incline (slope),mulundu,,noun,nature,true
include,ingisha,,verb,action,true
increase,lunda,,verb,action,true
incredible,caku papusha,,adjective,quality,true
increment,bulundo,,noun,quantity,true
indeed,nakabushe,,adverb,manner,true
independent,iteke,,adjective,state,true
indigenous,kaya,,adjective,quality,true
indiscretion,bukwakwa,,noun,behavior,true
individual,umo,,noun,person,true
infancy,bunya,,noun,time,true
infant,kanya,,noun,person,true
infect,ambukila,,verb,health,true
infection,lwambu,,noun,health,true
infinite,pe,,adjective,quantity,true
infirm,bonsa,,adjective,health,true
inflammation,fundwefundwe,,noun,health,true
inform,ebako,,verb,communication,true
inhabitant,mwikala calo,,noun,person,true
inherit,pyana,,verb,family,true
inheritance,bupyani,,noun,family,true
injure,cena,,verb,action,true
injustice,lufyengo,,noun,law,true
innocent,wakaele,,adjective,law,true
innocence,bukaele,,noun,law,true
innumerable,te fya kupenda,,adjective,quantity,true
inquire,busha,ipusha,verb,communication,true
insane,pena,,adjective,health,true
insect,cishishi,,noun,animal,true
inside,mukati,,adverb,location,true
insist,pamfya,,verb,communication,true
inspect,londa,,verb,action,true
instantly,nombaline,,adverb,time,true
instead,mu ncende ya,,preposition,relation,true
instigate,sobelekanya,,verb,action,true
instinct,mutima,,noun,abstract,true
instruct,funda,,verb,action,true
instrument,cibombelo,,noun,tool,true
insufficient,cepa,,adjective,quantity,true
insult,tuka,,verb,communication,true
intact,tuntulu,,adjective,state,true
intellect,mano,,noun,abstract,true
intend,fwaya,,verb,emotion,true
intentionally,ku kutemwa,,adverb,manner,true
intercede,papatila,,verb,action,true
intercessor,bukota,ndubulwila,noun,person,true
interpret,alula,,verb,action,true
interpreter,kapilibula,,noun,person,true
interrupt,cilinganya,,verb,action,true
interweave,pikula,,verb,action,true
intestine,bula,mala,noun,body,true
intimidate,tinya,,verb,emotion,true
into,mu,,preposition,relation,true
intone,bulo lwimbo,,verb,communication,true
intoxicate,kolesha,,verb,action,true
introduce,ingisha,,verb,action,true
inundate,bundwa,,verb,action,true
invent,panga,,verb,action,true
invite,ita,kuta,verb,communication,true
invitation,bwite,,noun,communication,true
iron,cela,,noun,material,true
irrigate,tapilila,,verb,agriculture,true
irritable,cipyu,,adjective,emotion,true
island,cishi,,noun,nature,true
itch,baba,,verb,body,true
ivory,lino lya nsofu,,noun,body,true
jackal,mumbwe,,noun,animal,true
jail,cifungo,,noun,place,true
january,kabengele kanono,,noun,time,true
jaw,mubango wa kanwa,,noun,body,true
jealousy,mufimbila,,noun,emotion,true
jeer,wela,,verb,communication,true
jesus,yesu,,noun,religion,true
job,ncito,,noun,work,true
join,kumbinkanya,,verb,action,true
joint,lupingu,,noun,body,true
joke,milangwe,nseko,noun,communication,true
journey,lwendo,,noun,event,true
joy,nsansa,,noun,emotion,true
judge,kaputula wa milandu,,noun,person,true
judgement,bupingushi,,noun,law,true
juice,menshi,,noun,drink,true
july,cikungulupepo,,noun,time,true
jump,ibaka,toloka,verb,action,true
june,kapepo kakalamba,,noun,time,true
keen,fwaisha,,adjective,emotion,true
keep,sunga,,verb,action,true
key,lufungulo,,noun,object,true
kick,panta,munshele,verb,action,true
kidney,lufyo,,noun,body,true
kill,ipaya,,verb,action,true
kiln,cibili,itanuma,noun,building,true
kind,wa luse,,adjective,quality,true
kindle,sanika,,verb,action,true
kindness,busuma,cikuku,noun,quality,true
king,mfumu,,noun,person,true
kingdom,bufumu,,noun,government,true
kiss,shintiko mulomo ku,,verb,action,true
kitchen,nganda ya kwipikilamo,,noun,place,true
kite (black kite),pungwa,,noun,animal,true
knapsack,cola,,noun,object,true
knead,kanda,,verb,action,true
knee,ikufi,,noun,body,true
kneeling,bufukeme,,noun,body,true
knife,mwele,,noun,tool,true
knit,pikula,,verb,action,true
knock,konkonsha,,verb,action,true
knot,cifundo,,noun,object,true
know,ishiba,,verb,state,true
knowledge,mano,,noun,abstract,true
knuckle,lupingu,,noun,body,true
kraal,icinka,itanga,noun,building,true
kudu (antelope),nsansala,,noun,animal,true
labour,bomba na maka,,noun,work,true
lack,bula,,verb,state,true
lad,kalume,,noun,person,true
ladder,mutanto,,noun,object,true
lady,lona,,noun,person,true
lair,mutundu,,noun,place,true
lake,bemba,,noun,nature,true
lamb,mwana wa mpanga,,noun,animal,true
lame,lemana,cilema,adjective,health,true
lament,lilila,,verb,emotion,true
lance,ifumo,,noun,weapon,true
land,calo,,noun,nature,true
language,lulimi,,noun,language,true
lard,mafuta,,noun,food,true
large,kulu,,adjective,quality,true
larva,bube,,noun,animal,true
larynx,cikolomino,,noun,body,true
lash,bwembya,,noun,weapon,true
last,kokola,,adjective,order,true
late,celwa,,adjective,time,true
latrine,cimbusu,,noun,place,true
laugh,seka,,verb,emotion,true
laughter,nseko,,noun,emotion,true
lavatory,cimbusu,,noun,place,true
law,cebo,,noun,law,true
lawsuit,mulandu,,noun,law,true
lay,bika,,verb,action,true
lazy,nangani,,adjective,behavior,true
laziness,bunangani,,noun,behavior,true
lead (metal),mutofwe,,noun,material,true
leader,ntungulushi,,noun,person,true
leadership,butungulushi,,noun,government,true
leaf,ibula,,noun,plant,true
leak,suma,,verb,action,true
lean,onda,,verb,state,true
learn,sambilila,,verb,action,true
leather,mpapa,,noun,material,true
leave,sha,ya,verb,action,true
lechwe (antelope),nja,,noun,animal,true
left (hand),ku kuso,,adjective,location,true
leg,mukonso,,noun,body,true
legend,mulumbe,,noun,story,true
lemon,ndimu,,noun,food,true
lend,ashima,,verb,commerce,true
length,butali,,noun,measurement,true
lengthen,lefya,,verb,action,true
lent,nshita ya kweleshima,,noun,holiday,true
lentil,ilanda,,noun,food,true
leopard,mbwili,,noun,animal,true
leper,wa fibashi,,noun,person,true
leprosy,fibashi,,noun,health,true
less,cepa,,adjective,quantity,true
lessen,cefya,,verb,action,true
lesson,ifunde,,noun,education,true
lest,atemwa,,conjunction,relation,true
let,leka,,verb,action,true
letter,kalata,,noun,object,true
letter (of alphabet),cilembo,,noun,language,true
level,linganya,,verb,action,true
liar,wa bufi,,noun,person,true
liberate,lubula,,verb,action,true
lick,myanga,,verb,action,true
lid,nkupiko,,noun,object,true
lie,bufi,,noun,communication,true
lie across,pindama,,verb,action,true
life,bumi,,noun,abstract,true
lift,imya,,verb,action,true
lighten,angusha,,verb,action,true
lightning,mwele wa mfula,kalumba,noun,nature,true
like,pala,,verb,emotion,true
likeness,cipasho,,noun,abstract,true
limit,mpela,,noun,abstract,true
limp,sunta,,verb,action,true
line (queue),mulongo,,noun,group,true
line (drawn),cishilwa,,noun,object,true
linger,kokola,,verb,action,true
lion,nkalamo,,noun,animal,true
lip,mulomo,,noun,body,true
liquid,amenshi,,noun,object,true
lisp,bulubusa,,noun,health,true
listen,umfwa,,verb,action,true
litany,malumbo,,noun,religion,true
little,nono,,adjective,quantity,true
lively,luma,,adjective,quality,true
liver,libu,,noun,body,true
lizard,mulinso,,noun,animal,true
load,cipe,,noun,object,true
loaf (of bread),mukate,,noun,food,true
loafer,ntalanshi,,noun,person,true
loam,mushili we lambo,,noun,material,true
loan,bukope,,noun,commerce,true
locust,makanta,,noun,animal,true
log (tree),mulando,,noun,nature,true
loin,musana,,noun,body,true
long,tali,,adjective,quality,true
long ago,kale,,adverb,time,true
long for,kasha,,verb,emotion,true
longing,bukasha,,noun,emotion,true
look,lolesha,,verb,action,true
looking glass (mirror),cilola,mulolani,noun,object,true
loose,kakuka,,adjective,state,true
loosen,kakula,,verb,action,true
lop,tema,,verb,action,true
lose,lufya,,verb,action,true
lost,luba,,adjective,state,true
loud,kafya,,adjective,quality,true
louse,nda,,noun,animal,true
love,citemwiko,,noun,emotion,true
low,ipipa,,adjective,quality,true
lower,isha,,verb,action,true
loyal,cishinka,,adjective,quality,true
lucifer,shetani mukalamba,,noun,religion,true
luck,ishuko,,noun,abstract,true
lucky,shuka,,adjective,state,true
luggage,cipe,,noun,object,true
lukewarm,cifulefule,,adjective,quality,true
lump,lutoshi,,noun,object,true
lungs,pwapwa,,noun,body,true
lunatic,ishilu,,noun,person,true
lust,lunkumbwa,,noun,emotion,true
mad,pena,ishilu,adjective,health,true
madam,mama,lona,noun,person,true
madness,bushilu,bucipena,noun,health,true
maggot,mutiti,,noun,animal,true
maid,mukashana,,noun,person,true
maidenhood,bukashana,,noun,time,true
mail,kalata,,noun,object,true
maim,lemanika,,verb,action,true
maimed,lemana,,adjective,health,true
maize,nyanje,,noun,food,true
make,cita,panga,verb,action,true
malaria,bulwele bwa mpepo,,noun,health,true
male,cilume,,adjective,gender,true
malice,mufulo,mumbo,noun,emotion,true
maliciously,ku mufulo,ku mumbo,adverb,manner,true
man,mwaume,,noun,person,true
manager,mushika,,noun,person,true
mane,mwansa,,noun,body,true
mango,iyembe,,noun,food,true
manhood,bwaume,,noun,state,true
manifest,moneka,londolola,verb,action,true
mankind,bwina bantu,,noun,person,true
mantle,isaba,,noun,clothing,true
manure,fundika,,noun,material,true
many,ingi,fula,adjective,quantity,true
marabou stork,mukanga,cipampa,noun,animal,true
march,kautumpu,,noun,time,true
march (walk),enda,,verb,action,true
market,cisankano,,noun,place,true
marriage,cupo,bwinga,noun,family,true
marrow,bufyompo,,noun,body,true
marrow (gourd),mungu,,noun,food,true
marry,upa,,verb,family,true
marry (get married),upwa,,verb,family,true
marsh,tefwetefwe,,noun,nature,true
martyr,fwila lesa,,noun,person,true
marvel,cisungusho,,noun,emotion,true
marvellous,ca kusunguka,,adjective,quality,true
mass,minsa,,noun,religion,true
massage,cina,,verb,action,true
master (boss),bwana,,noun,person,true
masticate,sheta,,verb,action,true
mat,butanda,cisani,noun,object,true
match (football),mupila,,noun,activity,true
match (safety matches),cibiliti,,noun,object,true
matchbox,cifwambo,,noun,object,true
mate,mune,,noun,person,true
matter (thing),cintu,,noun,object,true
mature,kula,,verb,state,true
may,kapepo kanono,,noun,time,true
may,kuti,,verb,ability,true
me,ine,,pronoun,person,true
meal,cakulya,,noun,food,true
mean (stingy),wa kaso,,adjective,quality,true
mean (the meaning),kutila,,verb,state,true
meanness,butani,kaso,noun,quality,true
meanwhile,mu nshita,,adverb,time,true
measure,pima,cipimo,verb,action,true
meat,nama,munofu,noun,food,true
medal,nsalamu,,noun,object,true
mediator,ndubulwila,,noun,person,true
medicine,muti,,noun,health,true
