english,silozi_stem,example,example_english,source_page,verified
nice/good,-nde,mutu yomunde,a good person,39,true
young/new,-nca,bana babanca,young children,36,true
old/adult,-hulu,mutu yomuhulu,an adult person,39,true
short,-kuswani,,,39,true
tall/long,-telele,omutelele,a long one,30,true
thin,-sisani,,,39,true
stout/thick,-kima,,,39,true
small/few,-nyinyani,zenyinyani,the small ones,38,true
much/many,-yata,,,39,true
how many?,-kai?,,,39,true
female,-sihali,,,39,true
big/male,-tuna,zetuna zefisu,the big black ones,38,true
two,-beli,ze-peli,two (class 10),38,true
three,-lalu,,,39,true
four,-ne,,,39,true
another,-nwi,ye-nwi,another (class 9),38,true
hornless,-cupya,,,39,true
hornless,-supya,,,39,true
black,-nsu,fokunsu,at the black part,28,true
red,-fubelu,mokufubelu,in the red part,28,true
pleasant,-nde,ndu ye-nde,a pleasant house,38,true