silozi,meaning,source_page,verified
cupwi,falling into water,103,true
ngumbwi,falling into water,103,true
tupwi,falling into water,103,true
culu,going away for good,103,true
cupwa cupwa,walking in water,103,true
cwaa,being sour (liquids),103,true
mbilu,paddling fast,103,true
nga nga nga,shivering,103,true
ngaa,biting,103,true
ngo,keeping quiet,103,true
tuu,keeping quiet,103,true
twi,keeping quiet,103,true
nyame nyame,disappearing,103,true
pululu,being grey,103,true
temu temu,looking round speechless,103,true
twaa,being bright,103,true
wi,being dark,103,true
wulukutu,falling down,103,true
yaku,seizing,103,true
yubu,splashing of water,103,true