person_or_class,singular_affirmative,singular_negative,plural_affirmative,plural_negative,example,example_english
I,ni- / n-,a-ni- / ha-ni-,,,—,Nileka nama,I am buying meat
you (singular),u- / w-,ha-u-,,,Uleka nama,You are buying meat
he/she (class 1),u- / a-,ha-a-,,,Uziba hande,He knows well
we,lu- / lw-,ha-lu-,,,Luleka nama,We are buying meat
you (plural),mu- / mw-,ha-mu-,,,Muleka nama,You all are buying meat
they (class 2),ba- / b-,ha-ba-,,,Baleka nama,They are buying meat
it (class 3),u- / w-,ha-u-,,,,
they (class 4),i- / y-,ha-i-,,,,
it (class 5),li- / l-,ha-li-,,,,
they (class 6),a- / ø-,ha-a-,,,,
it (class 7),si- / s-,ha-si-,,,,
they (class 8),bi- / by-,ha-bi-,,,,
it (class 9),i- / y-,ha-i-,,,,
they (class 10),li- / z-,ha-li-,,,,
it (class 11),lu- / lw-,ha-lu-,,,,
it (class 12),ka- / k-,ha-ka-,,,,
they (class 13),tu- / tw-,ha-tu-,,,,
it (class 14),bu- / bw-,ha-bu-,,,,
it (class 15),ku- / kw-,ha-ku-,,,,