english,silozi_radical,example_infinitive,example_english,source_page,verified
love/want,-lat-,ku-lata,to love,47,true
buy,-lek-,ku-leka,to buy,47,true
know,-zib-,ku-ziba,to know,47,true
cry,lila,ku-lila,to cry,47,true
see,-bon-,ku-bona,to see,47,true
hear,-utw-,ku-utwa,to hear,47,true
eat,ca,ku-ca,to eat,47,true
drink,nwa,ku-nwa,to drink,47,true
sleep,-lobal-,ku-lobala,to sleep,47,true
work,-sebez-,ku-sebeza,to work,51,true
read,-bal-,ku-bala,to read,57,true
write,-ñol-,ku-ñola,to write,101,true
go,ya,ku-yaha,to go,50,true
come,taha,ku-taha,to come,93,true
give,-f-,ku-fa,to give,26,true
take,-ns-,ku-nsa,to take out,26,true
help,-tus-,ku-tusa,to help,73,true
teach,-lut-,ku-luta,to teach,26,true
build,kuyaha,ku-kala,to build,83,true
cultivate,-lim-,ku-lima,to cultivate,45,true
live,-pil-,ku-pila,to live,45,true
die,shwa,ku-shwa,to die,77,true
finish,-fez-,ku-feza,to finish,47,true
arrive,-fit-,ku-fita,to arrive,78,true
return,-kut-,ku-kuta,to return,101,true
study,-itut-,ku-ituta,to study,79,true
smoke,-zub-,ku-zuba,to smoke,57,true
paddle,fuluha,ku-fuluha,to paddle,47,true
ask,-buz-,ku-buza,to ask,26,true
answer,-alab-,ku-alaba,to answer,26,true
break,-lob-,ku-loba,to break,47,true
be angry,-halif-,ku-halifa,to be angry,47,true
plant,-lom-,ku-loma,to plant,59,true
grow,-hul-,ku-hula,to grow,51,true
make,-ez-,ku-eza,to make,51,true
own,-lu-,ku-lu,to own,51,true
stamp,-temp-,ku-tempa,to stamp,52,true
hit,-cay-,ku-caya,to hit,52,true
bind,-bof-,ku-bofa,to bind,56,true
wound,-nat-,ku-nata,to wound,56,true
press down,-limb-,ku-limba,to press down,56,true
multiply,-caculuz-,ku-caculuza,to multiply,52,true
become white,-sweaf-,ku-sweafa,to become white,52,true
become difficult,-tataf-,ku-tatafa,to become difficult,52,true
remind,-hupuz-,ku-hupula,to remind,57,true
insert,-keny-,ku-kena,to insert,57,true
shiver,-ngang-,ku-nganga,to shiver,103,true
disappear,-nyam-,ku-nyama,to disappear,103,true
seize,-yak-,ku-yaka,to seize,103,true